Workbook

Sheet INDIVIDUAL SALES
A1: DATE | B1: SALES(QTY SOLD)2LTR FIZZI | C1: SELLING PRICE (PER ITEM) | D1: PRODUCTION COST | E1: SALES(QTY SOLD)FOR 8PCR | F1: SELLING PRICE (PER ITEM) | G1: PRODUCTION COST | I1: DATE | J1: SALES(QTY SOLD)2LTR FIZZI | K1: SELLING PRICE (PER ITEM) | L1: PRODUCTION COST | M1: SALES(QTY SOLD)FOR 8PCR | N1: SELLING PRICE (PER ITEM) | O1: PRODUCTION COST
A2: 45292 | B2: 7 | C2: 2 | D2: 0.69 | E2: 23 | F2: 13 | G2: 5.54 | I2: 45444 | J2: 0 | K2: 2 | L2: 0.69 | M2: 17 | N2: 13 | O2: 5.54
A3: 45293 | B3: 1 | C3: 2 | D3: 0.69 | E3: 0 | F3: 13 | G3: 5.54 | I3: 45445 | J3: 0 | K3: 2 | L3: 0.69 | M3: 19 | N3: 13 | O3: 5.54
A4: 45294 | B4: 0 | C4: 2 | D4: 0.69 | E4: 0 | F4: 13 | G4: 5.54 | I4: 45446 | J4: 0 | K4: 2 | L4: 0.69 | M4: 18 | N4: 13 | O4: 5.54
A5: 45295 | B5: 8 | C5: 2 | D5: 0.69 | E5: 4 | F5: 13 | G5: 5.54 | I5: 45447 | J5: 1 | K5: 2 | L5: 0.69 | M5: 9 | N5: 13 | O5: 5.54
A6: 45296 | B6: 1 | C6: 2 | D6: 0.69 | E6: 1 | F6: 13 | G6: 5.54 | I6: 45448 | J6: 0 | K6: 2 | L6: 0.69 | M6: 13 | N6: 13 | O6: 5.54
A7: 45297 | B7: 9 | C7: 2 | D7: 0.69 | E7: 11 | F7: 13 | G7: 5.54 | I7: 45449 | J7: 0 | K7: 2 | L7: 0.69 | M7: 12 | N7: 13 | O7: 5.54
A8: 45298 | B8: 4 | C8: 2 | D8: 0.69 | E8: 7 | F8: 13 | G8: 5.54 | I8: 45450 | J8: 1 | K8: 2 | L8: 0.69 | M8: 10 | N8: 13 | O8: 5.54
A9: 45299 | B9: 1 | C9: 2 | D9: 0.69 | E9: 7 | F9: 13 | G9: 5.54 | I9: 45451 | J9: 0 | K9: 2 | L9: 0.69 | M9: 26 | N9: 13 | O9: 5.54
A10: 45300 | B10: 2 | C10: 2 | D10: 0.69 | E10: 7 | F10: 13 | G10: 5.54 | I10: 45452 | J10: 0 | K10: 2 | L10: 0.69 | M10: 11 | N10: 13 | O10: 5.54
A11: 45301 | B11: =SUM('INDIVIDUAL SALES'!E16:E22) -> 5 | C11: 2 | D11: 0.69 | E11: 3 | F11: 13 | G11: 5.54 | I11: 45453 | J11: 0 | K11: 2 | L11: 0.69 | M11: 6 | N11: 13 | O11: 5.54
A12: 45302 | B12: 2 | C12: 2 | D12: 0.69 | E12: 4 | F12: 13 | G12: 5.54 | I12: 45454 | J12: 0 | K12: 2 | L12: 0.69 | M12: 8 | N12: 13 | O12: 5.54
A13: 45303 | B13: 1 | C13: 2 | D13: 0.69 | E13: 3 | F13: 13 | G13: 5.54 | I13: 45455 | J13: 0 | K13: 2 | L13: 0.69 | M13: 10 | N13: 13 | O13: 5.54
A14: 45304 | B14: 3 | C14: 2 | D14: 0.69 | E14: 1 | F14: 13 | G14: 5.54 | I14: 45456 | J14: 0 | K14: 2 | L14: 0.69 | M14: 9 | N14: 13 | O14: 5.54
A15: 45305 | B15: 0 | C15: 2 | D15: 0.69 | E15: 2 | F15: 13 | G15: 5.54 | I15: 45457 | J15: 0 | K15: 2 | L15: 0.69 | M15: 22 | N15: 13 | O15: 5.54
A16: 45306 | B16: 0 | C16: 2 | D16: 0.69 | E16: 0 | F16: 13 | G16: 5.54 | I16: 45458 | J16: 0 | K16: 2 | L16: 0.69 | M16: 23 | N16: 13 | O16: 5.54
A17: 45307 | B17: 2 | C17: 2 | D17: 0.69 | E17: 1 | F17: 13 | G17: 5.54 | I17: 45459 | J17: 0 | K17: 2 | L17: 0.69 | M17: 16 | N17: 13 | O17: 5.54
A18: 45308 | B18: 0 | C18: 2 | D18: 0.69 | E18: 0 | F18: 13 | G18: 5.54 | I18: 45460 | J18: 0 | K18: 2 | L18: 0.69 | M18: 14 | N18: 13 | O18: 5.54
A19: 45309 | B19: 1 | C19: 2 | D19: 0.69 | E19: 0 | F19: 13 | G19: 5.54 | I19: 45461 | J19: 0 | K19: 2 | L19: 0.69 | M19: 12 | N19: 13 | O19: 5.54
A20: 45310 | B20: 3 | C20: 2 | D20: 0.69 | E20: 2 | F20: 13 | G20: 5.54 | I20: 45462 | J20: 0 | K20: 2 | L20: 0.69 | M20: 7 | N20: 13 | O20: 5.54
A21: 45311 | B21: 3 | C21: 2 | D21: 0.69 | E21: 2 | F21: 13 | G21: 5.54 | I21: 45463 | J21: 0 | K21: 2 | L21: 0.69 | M21: 7 | N21: 13 | O21: 5.54
A22: 45312 | B22: 0 | C22: 2 | D22: 0.69 | E22: 0 | F22: 13 | G22: 5.54 | I22: 45464 | J22: 0 | K22: 2 | L22: 0.69 | M22: 20 | N22: 13 | O22: 5.54
A23: 45313 | B23: 1 | C23: 2 | D23: 0.69 | E23: 0 | F23: 13 | G23: 5.54 | I23: 45465 | J23: 0 | K23: 2 | L23: 0.69 | M23: 19 | N23: 13 | O23: 5.54
... A31: 45321 | B31: 0 | C31: 2 | D31: 0.69 | E31: 2 | F31: 13 | G31: 5.54 | I31: 45473 | J31: 0 | K31: 2 | L31: 0.69 | M31: 27 | N31: 13 | O31: 5.54
A32: 45322 | B32: 1 | C32: 2 | D32: 0.69 | E32: 0 | F32: 13 | G32: 5.54 | I32: 45474
A33: total | B33: =SUM(B2:B32) -> 65 | C33: =+B33*C32 -> 130 | D33: =+B33*0.69 -> 44.85 | E33: =SUM(E2:E32) -> 90 | F33: =+E33*13 -> 1170 | G33: =+E33*5.54 -> 498.6 | I33: total | J33: =SUM(J2:J32) -> 7 | K33: =+J33*2 -> 14 | L33: =+J33*0.69 -> 4.83 | M33: =SUM(M2:M32) -> 418 | N33: =+M33*13 -> 5434 | O33: =+M33*5.54 -> 2315.72

Sheet Sheet1
A1: SALES | B1: NOV '23' | D1: JUN '24' | F1: TOTAL
A2: Drink Sales | B2: Number | C2: % | D2: Number | E2: %
A3: 1 - 7 days | B3: =SUM('INDIVIDUAL SALES'!B2:B8) -> 30 | C3: =+B3/F3*100 -> 93.75 | D3: =SUM('INDIVIDUAL SALES'!J2:J8) -> 2 | E3: =+D3/F3*100 -> 6.25 | F3: 32
A4: 8 - 14 days | B4: =SUM('INDIVIDUAL SALES'!B9:B15) -> 14 | C4: =+B4/F4*100 -> 100 | D4: =SUM('INDIVIDUAL SALES'!J9:J15) -> 0 | E4: =+D4/F4*100 -> 0 | F4: 14
A5: 15-21 days | B5: =SUM('INDIVIDUAL SALES'!B16:B22) -> 9 | C5: =+B5/F5*100 -> 100 | D5: =SUM('INDIVIDUAL SALES'!J16:J22) -> 0 | E5: =+D5/F5*100 -> 0 | F5: 9
A6: 22+ days | B6: =SUM('INDIVIDUAL SALES'!B23:B32) -> 12 | C6: =+B6/F6*100 -> 70.588235 | D6: =SUM('INDIVIDUAL SALES'!J23:J31) -> 5 | E6: =+D6/F6*100 -> 29.411765 | F6: 17
A7: Total | B7: =SUM(B3:B6) -> 65 | C7: =+B7/F7*100 -> 90.277778 | D7: =SUM(D3:D6) -> 7 | E7: =+D7/F7*100 -> 9.7222222 | F7: 72
A8: 8pcr Sales
A9: 1 - 7 days | B9: =SUM('INDIVIDUAL SALES'!E2:E8) -> 46 | C9: =+B9/F9*100 -> 31.944444 | D9: =SUM('INDIVIDUAL SALES'!M2:M8) -> 98 | E9: =+D9/F9*100 -> 68.055556 | F9: =+B9+D9 -> 144
A10: 8 - 14 days | B10: =SUM('INDIVIDUAL SALES'!E9:E15) -> 27 | C10: =+B10/F10*100 -> 22.689076 | D10: =SUM('INDIVIDUAL SALES'!M9:M15) -> 92 | E10: =+D10/F10*100 -> 77.310924 | F10: =+B10+D10 -> 119
A11: 15-21 days | B11: =SUM('INDIVIDUAL SALES'!E16:E22) -> 5 | C11: =+B11/F11*100 -> 4.8076923 | D11: =SUM('INDIVIDUAL SALES'!M16:M22) -> 99 | E11: =+D11/F11*100 -> 95.192308 | F11: =+B11+D11 -> 104
A12: 22+ days | B12: =SUM('INDIVIDUAL SALES'!E23:E31) -> 12 | C12: =+B12/F12*100 -> 8.5106383 | D12: =SUM('INDIVIDUAL SALES'!M23:M31) -> 129 | E12: =+D12/F12*100 -> 91.489362 | F12: =+B12+D12 -> 141
A13: Total | B13: =SUM(B9:B12) -> 90 | C13: =+B13/F13*100 -> 17.716535 | D13: =SUM(D9:D12) -> 418 | E13: =+D13/F13*100 -> 82.283465 | F13: =+B13+D13 -> 508
A14: Drink+8pcr | B14: =+B7+B13 -> 155 | C14: =+B14/F14*100 -> 26.724138 | D14: =+D7+D13 -> 425 | E14: =+D14/F14*100 -> 73.275862 | F14: =+F7+F13 -> 580
A16: Bundled Sales | B16: DEC '23' | D16: JUL '24' | F16: TOTAL
A17: Drink+8pcr Sales | B17: Number | C17: % | D17: Number | E17: %
A18: 1 - 7 days | B18: =SUM('BUNDLED 2LTR FIZZI+8PCR'!B2:B8) -> 174 | C18: =+B18/F18*100 -> 41.134752 | D18: =SUM('BUNDLED 2LTR FIZZI+8PCR'!G2:G8) -> 249 | E18: =+D18/F18*100 -> 58.865248 | F18: =+B18+D18 -> 423
A19: 8 - 14 days | B19: =SUM('BUNDLED 2LTR FIZZI+8PCR'!B9:B15) -> 168 | C19: =+B19/F19*100 -> 52.336449 | D19: =SUM('BUNDLED 2LTR FIZZI+8PCR'!G9:G15) -> 153 | E19: =+D19/F19*100 -> 47.663551 | F19: =+B19+D19 -> 321
A20: 15-21 days | B20: =SUM('BUNDLED 2LTR FIZZI+8PCR'!B16:B22) -> 319 | C20: =+B20/F20*100 -> 75.952381 | D20: =SUM('BUNDLED 2LTR FIZZI+8PCR'!G16:G22) -> 101 | E20: =+D20/F20*100 -> 24.047619 | F20: =+B20+D20 -> 420
A21: 22+ days | B21: =SUM('BUNDLED 2LTR FIZZI+8PCR'!B23:B32) -> 335 | C21: =+B21/F21*100 -> 50.149701 | D21: =SUM('BUNDLED 2LTR FIZZI+8PCR'!G23:G32) -> 333 | E21: =+D21/F21*100 -> 49.850299 | F21: =+B21+D21 -> 668
A22: Total | B22: =SUM(B18:B21) -> 996 | C22: =+B22/F22*100 -> 54.366812 | D22: =SUM(D18:D21) -> 836 | E22: =+D22/F22*100 -> 45.633188 | F22: =+B22+D22 -> 1832

Sheet BUNDLED 2LTR FIZZI+8PCR
A1: DATE | B1: 8PCR +2LTR FIZZI COMBO(QTY SOLD) | C1: SELLING PRICE | D1: PRODUCTION COST | F1: DATE | G1: 8PCR +2LTR FIZZI COMBO(QTY SOLD) | H1: SELLING PRICE | I1: PRODUCTION COST
A2: 45261 | B2: 28 | C2: 14 | D2: =5.54+0.69 -> 6.23 | F2: 45474 | G2: 0 | H2: 14 | I2: 6.23
A3: 45262 | B3: 42 | C3: 14 | D3: =5.54+0.69 -> 6.23 | F3: 45475 | G3: 0 | H3: 14 | I3: 6.23
A4: 45263 | B4: 23 | C4: 14 | D4: =5.54+0.69 -> 6.23 | F4: 45476 | G4: 20 | H4: 14 | I4: 6.23
A5: 45264 | B5: 18 | C5: 14 | D5: =5.54+0.69 -> 6.23 | F5: 45477 | G5: 41 | H5: 14 | I5: 6.23
A6: 45265 | B6: 21 | C6: 14 | D6: =5.54+0.69 -> 6.23 | F6: 45478 | G6: =54+23 -> 77 | H6: 14 | I6: 6.23
A7: 45266 | B7: 23 | C7: 14 | D7: =5.54+0.69 -> 6.23 | F7: 45479 | G7: =64+21 -> 85 | H7: 14 | I7: 6.23
A8: 45267 | B8: 19 | C8: 14 | D8: =5.54+0.69 -> 6.23 | F8: 45480 | G8: 26 | H8: 14 | I8: 6.23
A9: 45268 | B9: 22 | C9: 14 | D9: =5.54+0.69 -> 6.23 | F9: 45481 | G9: 6 | H9: 14 | I9: 6.23
A10: 45269 | B10: 18 | C10: 14 | D10: =5.54+0.69 -> 6.23 | F10: 45482 | G10: 4 | H10: 14 | I10: 6.23
A11: 45270 | B11: 31 | C11: 14 | D11: =5.54+0.69 -> 6.23 | F11: 45483 | G11: 1 | H11: 14 | I11: 6.23
A12: 45271 | B12: 17 | C12: 14 | D12: =5.54+0.69 -> 6.23 | F12: 45484 | G12: 4 | H12: 14 | I12: 6.23
A13: 45272 | B13: 28 | C13: 14 | D13: =5.54+0.69 -> 6.23 | F13: 45485 | G13: 64 | H13: 14 | I13: 6.23
A14: 45273 | B14: 30 | C14: 14 | D14: =5.54+0.69 -> 6.23 | F14: 45486 | G14: 47 | H14: 14 | I14: 6.23
A15: 45274 | B15: 22 | C15: 14 | D15: =5.54+0.69 -> 6.23 | F15: 45487 | G15: 27 | H15: 14 | I15: 6.23
A16: 45275 | B16: 56 | C16: 14 | D16: =5.54+0.69 -> 6.23 | F16: 45488 | G16: 24 | H16: 14 | I16: 6.23
A17: 45276 | B17: 49 | C17: 14 | D17: =5.54+0.69 -> 6.23 | F17: 45489 | G17: 15 | H17: 14 | I17: 6.23
A18: 45277 | B18: 38 | C18: 14 | D18: =5.54+0.69 -> 6.23 | F18: 45490 | G18: 23 | H18: 14 | I18: 6.23
A19: 45278 | B19: 37 | C19: 14 | D19: =5.54+0.69 -> 6.23 | F19: 45491 | G19: 12 | H19: 14 | I19: 6.23
... A31: 45290 | B31: 35 | C31: 14 | D31: =5.54+0.69 -> 6.23 | F31: 45503 | G31: 25 | H31: 14 | I31: 6.23
A32: 45291 | B32: 64 | C32: 14 | D32: =5.54+0.69 -> 6.23 | F32: 45504 | H32: 14 | I32: 6.23
A33: total | B33: =SUM(B2:B32) -> 996 | C33: =+B33*14 -> 13944 | D33: =+B33*6.23 -> 6205.08 | F33: total | G33: =SUM(G2:G32) -> 836 | H33: =+G33*14 -> 11704 | I33: =+G33*6.23 -> 5208.28
